,N,dovar,obsvar,endovarsize,seed,method,time,query_time,lowerbound0,upperbound0,lowerbound1,upperbound1
0,3,0,-1,2,1234,CVE,2.108,1.7269999999999999,0.18816857842505477,0.18816857842505477,0.011831421574945225,0.011831421574945225
1,3,0,-1,2,1234,CCVE,60.970000000000006,5.1782,0.1838952354416272,0.1978530835613555,0.002146916438644496,0.016104764558372807
2,3,0,-1,2,1234,CCALPeps,178.62,176.4622,0.18389434048250192,0.19784496396770318,0.002155036032296831,0.016105659517498087
3,3,0,-1,2,2468,CVE,2.0008000000000004,1.6303999999999998,0.2,0.2,0.0,0.0
4,3,0,-1,2,2468,CCVE,59.944,3.0363999999999995,0.2,0.2,0.0,0.0
5,3,0,-1,2,2468,CCALPeps,201.11219999999997,199.0196,0.19994336325575818,0.19994336325575818,5.663674424181142e-05,5.663674424182174e-05
6,3,0,-1,2,3702,CVE,1.8998000000000002,1.5284,0.05,0.05,0.15,0.15
7,3,0,-1,2,3702,CCVE,60.9966,2.6979999999999995,0.05,0.05,0.15,0.15
8,3,0,-1,2,3702,CCALPeps,180.6268,178.5722,0.05000600219930011,0.0500109967007499,0.14998900329925008,0.14999399780069989
9,3,0,-1,2,4936,CVE,2.0965999999999996,1.6949999999999998,0.0,0.0,0.2,0.2
10,3,0,-1,2,4936,CCVE,62.9394,2.8376,0.0,0.0,0.2,0.2
11,3,0,-1,2,4936,CCALPeps,166.149,164.0576,5.558636001201257e-06,5.558636001201259e-06,0.1999944413639988,0.1999944413639988
12,3,0,-1,2,6170,CVE,2.437,2.0068,0.004560260586319219,0.004560260586319219,0.19543973941368079,0.19543973941368079
13,3,0,-1,2,6170,CCVE,59.32379999999999,5.1592,0.0034049452776651807,0.006902218570254727,0.19309778142974526,0.1965950547223348
14,3,0,-1,2,6170,CCALPeps,178.1382,175.9752,0.0034278655578141746,0.0069013267029767855,0.1930986732970232,0.19657213444218583
15,3,0,-1,2,7404,CVE,2.0794000000000006,1.6556000000000002,0.19721448467966574,0.19721448467966574,0.0027855153203342614,0.0027855153203342614
16,3,0,-1,2,7404,CCVE,58.222,2.6811999999999996,0.19721448467966574,0.19721448467966574,0.002785515320334262,0.002785515320334262
17,3,0,-1,2,7404,CCALPeps,177.82979999999998,175.482,0.19720105626008838,0.19720105626008838,0.00279894373991163,0.0027989437399116362
18,3,0,-1,2,8638,CVE,2.124,1.7311999999999999,0.1754385964912281,0.1754385964912281,0.024561403508771933,0.024561403508771933
19,3,0,-1,2,8638,CCVE,56.3226,2.6102,0.1754385964912281,0.1754385964912281,0.024561403508771933,0.024561403508771933
20,3,0,-1,2,8638,CCALPeps,172.8596,170.5698,0.17542812672874472,0.17543081670985688,0.024569183290143133,0.024571873271255273
21,3,0,-1,2,9872,CVE,1.8893999999999997,1.5402,0.08933773548261799,0.08933773548261799,0.11066226451738204,0.11066226451738204
22,3,0,-1,2,9872,CCVE,62.446000000000005,2.5542,0.089337735482618,0.089337735482618,0.11066226451738204,0.11066226451738204
23,3,0,-1,2,9872,CCALPeps,161.046,158.8088,0.08935080569202859,0.0893508056920286,0.1106491943079714,0.1106491943079714
24,3,0,-1,2,11106,CVE,2.3774,1.9132000000000002,0.0,0.0,0.2,0.2
25,3,0,-1,2,11106,CCVE,61.0404,2.5076,0.0,0.0,0.2,0.2
26,3,0,-1,2,11106,CCALPeps,175.0976,172.93580000000003,8.187761075419638e-05,8.187761075419643e-05,0.1999181223892458,0.1999181223892458
27,3,0,-1,2,12340,CVE,2.2338,1.7714000000000003,0.2,0.2,0.0,0.0
28,3,0,-1,2,12340,CCVE,59.16360000000001,2.7453999999999996,0.2,0.2,0.0,0.0
29,3,0,-1,2,12340,CCALPeps,190.084,188.0328,0.19999824490121945,0.1999982474011631,1.7525988369015977e-06,1.7550987805514692e-06
30,5,0,-1,2,1234,CVE,2.689,2.2356000000000003,0.17765759412372148,0.17765759412372148,0.022342405876278507,0.022342405876278507
31,5,0,-1,2,1234,CCVE,163.0454,92.4334,0.1707673348590896,0.19553773907174105,0.004462260928258929,0.029232665140910413
32,5,0,-1,2,1234,CCALPeps,417.4486,414.6702,0.17076226024020955,0.19551179437831662,0.004488205621683375,0.029237739759790448
33,5,0,-1,2,2468,CVE,2.6491999999999996,2.1919999999999997,0.022055513878469615,0.022055513878469615,0.1779444861215304,0.1779444861215304
34,5,0,-1,2,2468,CCVE,89.4012,6.044399999999999,0.02205551387846961,0.02205551387846961,0.17794448612153033,0.17794448612153033
35,5,0,-1,2,2468,CCALPeps,467.428,464.62340000000006,0.0220800317314137,0.022080031731413714,0.1779199682685863,0.1779199682685863
36,5,0,-1,2,3702,CVE,2.7472000000000003,2.2648,0.154,0.154,0.046,0.046
37,5,0,-1,2,3702,CCVE,85.10119999999999,5.5144,0.154,0.154,0.046,0.046
38,5,0,-1,2,3702,CCALPeps,442.32579999999996,439.5774,0.153989201079892,0.15398920107989203,0.046010798920107975,0.046010798920107995
39,5,0,-1,2,4936,CVE,2.9244,2.4938000000000002,0.10617647058823529,0.10617647058823529,0.09382352941176468,0.09382352941176468
40,5,0,-1,2,4936,CCVE,87.2496,5.0634,0.10617647058823529,0.10617647058823529,0.09382352941176472,0.09382352941176472
41,5,0,-1,2,4936,CCALPeps,447.6326,444.3754,0.10605452085780857,0.10605452085780862,0.09394547914219138,0.09394547914219142
42,5,0,-1,2,6170,CVE,2.7102,2.2858,0.19772568740368238,0.19772568740368238,0.0022743125963176247,0.0022743125963176247
43,5,0,-1,2,6170,CCVE,92.0264,14.0262,0.1965779838906517,0.1982968901846453,0.0017031098153547132,0.0034220161093483034
44,5,0,-1,2,6170,CCALPeps,420.1612,417.24840000000006,0.19656597573428886,0.19827297984547293,0.0017270201545270696,0.003434024265711133
45,5,0,-1,2,7404,CVE,2.8320000000000003,2.325,0.1000285371839507,0.1000285371839507,0.09997146281604931,0.09997146281604931
46,5,0,-1,2,7404,CCVE,78.09100000000001,5.063000000000001,0.10002853718395069,0.10002853718395069,0.09997146281604931,0.09997146281604931
47,5,0,-1,2,7404,CCALPeps,385.221,382.09000000000003,0.10003054383004199,0.10003054383004206,0.09996945616995793,0.099969456169958
48,5,0,-1,2,8638,CVE,3.033,2.5267999999999997,0.1613219094247246,0.1613219094247246,0.0386780905752754,0.0386780905752754
49,5,0,-1,2,8638,CCVE,86.354,5.2988,0.1613219094247246,0.1613219094247246,0.038678090575275395,0.038678090575275395
50,5,0,-1,2,8638,CCALPeps,385.3136,382.20140000000004,0.16130237484024917,0.1613034559221486,0.03869654407785141,0.03869762515975083
51,5,0,-1,2,9872,CVE,2.617,2.1637999999999997,0.10035480196448246,0.10035480196448246,0.09964519803551755,0.09964519803551755
52,5,0,-1,2,9872,CCVE,80.398,5.0648,0.10035480196448246,0.10035480196448246,0.09964519803551754,0.09964519803551754
53,5,0,-1,2,9872,CCALPeps,357.3904,354.4264,0.10036433179844968,0.10036502417714514,0.09963497582285485,0.09963566820155031
54,5,0,-1,2,11106,CVE,2.9674,2.4994,0.06113817274563384,0.06113817274563384,0.1388618272543662,0.1388618272543662
55,5,0,-1,2,11106,CCVE,85.6938,5.8294,0.06113817274563384,0.06113817274563384,0.1388618272543662,0.1388618272543662
56,5,0,-1,2,11106,CCALPeps,360.8804,357.7606,0.06116346724215329,0.06116346724215334,0.13883653275784666,0.13883653275784671
57,5,0,-1,2,12340,CVE,2.738,2.2276000000000002,0.15996,0.15996,0.040040000000000006,0.040040000000000006
58,5,0,-1,2,12340,CCVE,82.3102,5.114,0.15996000000000002,0.15996000000000002,0.040040000000000006,0.040040000000000006
59,5,0,-1,2,12340,CCALPeps,408.52,405.5614,0.15991792300709115,0.1599339075728898,0.04006609242711021,0.04008207699290885
60,7,0,-1,2,1234,CVE,3.554,3.0973999999999995,0.03845525298568707,0.03845525298568707,0.16154474701431293,0.16154474701431293
61,7,0,-1,2,1234,CCVE,120.07000000000001,21.524799999999995,0.008550352984524008,0.048416184390651526,0.15158381560934847,0.191449647015476
62,7,0,-1,2,1234,CCALPeps,716.4718,712.8822,0.008607999193388902,0.04841738157921781,0.1515826184207822,0.1913920008066111
63,7,0,-1,2,2468,CVE,3.7874000000000003,3.2536,0.03858912689822631,0.03858912689822631,0.16141087310177368,0.16141087310177368
64,7,0,-1,2,2468,CCVE,118.2298,15.909200000000002,0.0385891268982263,0.0385891268982263,0.16141087310177368,0.16141087310177368
65,7,0,-1,2,2468,CCALPeps,646.3266000000001,642.4091999999999,0.03862078261171441,0.03862078261171444,0.16137921738828556,0.1613792173882856
66,7,0,-1,2,3702,CVE,3.6433999999999997,3.075,0.154,0.154,0.046,0.046
67,7,0,-1,2,3702,CCVE,119.53899999999999,19.4202,0.154,0.154,0.046,0.046
68,7,0,-1,2,3702,CCALPeps,742.5998,738.7131999999999,0.15397840631875218,0.1539937977007219,0.046006202299278084,0.046021593681247835
69,7,0,-1,2,4936,CVE,3.7757999999999994,3.3020000000000005,0.15480993841579954,0.15480993841579954,0.04519006158420048,0.04519006158420048
70,7,0,-1,2,4936,CCVE,114.67940000000002,12.631799999999998,0.15480993841579954,0.15480993841579954,0.04519006158420047,0.04519006158420047
71,7,0,-1,2,4936,CCALPeps,701.952,698.2592,0.15480109207386944,0.15480164855429432,0.04519835144570568,0.04519890792613057
72,7,0,-1,2,6170,CVE,3.5308,2.9905999999999997,0.0072,0.0072,0.19280000000000003,0.19280000000000003
73,7,0,-1,2,6170,CCVE,113.25,14.3376,0.006279999999999999,0.008919999999999999,0.19107999999999997,0.19371999999999998
74,7,0,-1,2,6170,CCALPeps,705.4959999999999,701.7196,0.00645318298815994,0.008835514784009787,0.19116448521599022,0.19354681701184007
75,7,0,-1,2,7404,CVE,3.8424,3.3124000000000002,0.15424,0.15424,0.04576,0.04576
76,7,0,-1,2,7404,CCVE,111.09380000000002,11.8204,0.15424,0.15424,0.04576,0.04576
77,7,0,-1,2,7404,CCALPeps,652.984,648.7706000000001,0.15422655555450535,0.1542265555545054,0.04577344444549461,0.04577344444549465
78,7,0,-1,2,8638,CVE,3.8808,3.3251999999999997,0.08621424565339317,0.08621424565339317,0.11378575434660684,0.11378575434660684
79,7,0,-1,2,8638,CCVE,109.8436,12.032,0.08621424565339315,0.08621424565339315,0.11378575434660684,0.11378575434660684
80,7,0,-1,2,8638,CCALPeps,733.8095999999999,729.7882,0.0862206374813046,0.08622308508518237,0.11377691491481763,0.1137793625186954
81,7,0,-1,2,9872,CVE,3.624399999999999,3.049,0.029162352671071534,0.029162352671071534,0.17083764732892845,0.17083764732892845
82,7,0,-1,2,9872,CCVE,102.9856,11.4012,0.02916235267107154,0.02916235267107154,0.17083764732892845,0.17083764732892845
83,7,0,-1,2,9872,CCALPeps,602.9903999999999,599.2012,0.029193113381930536,0.02920054370421954,0.17079945629578047,0.17080688661806948
84,7,0,-1,2,11106,CVE,3.6576,3.1052000000000004,0.02599093157791345,0.02599093157791345,0.17400906842208655,0.17400906842208655
85,7,0,-1,2,11106,CCVE,109.42720000000001,12.1754,0.025990931577913455,0.025990931577913455,0.17400906842208655,0.17400906842208655
86,7,0,-1,2,11106,CCALPeps,611.2158000000001,607.6854,0.026035620113464258,0.026035620113464275,0.17396437988653574,0.17396437988653574
87,7,0,-1,2,12340,CVE,3.367400000000001,2.8835999999999995,0.1233349305222808,0.1233349305222808,0.07666506947771921,0.07666506947771921
88,7,0,-1,2,12340,CCVE,114.202,11.9562,0.12333493052228077,0.12333493052228077,0.0766650694777192,0.0766650694777192
89,7,0,-1,2,12340,CCALPeps,697.3502000000001,692.494,0.12303411415686785,0.12312279612482344,0.07687720387517656,0.07696588584313216
90,9,0,-1,2,1234,CVE,5.296799999999999,4.787000000000001,0.1750256805182285,0.1750256805182285,0.024974319481771486,0.024974319481771486
91,9,0,-1,2,1234,CCVE,146.4154,28.910999999999994,0.16852561255516135,0.19446347313104656,0.005536526868953425,0.03147438744483862
92,9,0,-1,2,1234,CCALPeps,945.1118,941.0434000000001,0.1685101711421259,0.1944064897227828,0.005593510277217205,0.031489828857874096
93,9,0,-1,2,2468,CVE,4.848000000000001,4.2526,0.10844619233247052,0.10844619233247052,0.09155380766752949,0.09155380766752949
94,9,0,-1,2,2468,CCVE,140.1304,24.216200000000004,0.10844619233247052,0.10844619233247052,0.09155380766752949,0.09155380766752949
95,9,0,-1,2,2468,CCALPeps,888.9608000000001,884.3274000000001,0.10845009545686665,0.10845009545686671,0.0915499045431333,0.09154990454313335
96,9,0,-1,2,3702,CVE,4.8878,4.3676,0.023692245064115613,0.023692245064115613,0.1763077549358844,0.1763077549358844
97,9,0,-1,2,3702,CCVE,147.4336,27.0286,0.023692245064115613,0.023692245064115613,0.1763077549358844,0.1763077549358844
98,9,0,-1,2,3702,CCALPeps,936.9356,932.3756000000001,0.02370748979822026,0.023710102481330673,0.17628989751866933,0.17629251020177975
99,9,0,-1,2,4936,CVE,4.417599999999999,3.9272,0.01836,0.01836,0.18164,0.18164
100,9,0,-1,2,4936,CCVE,139.1838,23.3112,0.018359999999999998,0.018359999999999998,0.18164,0.18164
101,9,0,-1,2,4936,CCALPeps,1066.2,1061.6116,0.01837905354909963,0.018379053549099654,0.18162094645090035,0.18162094645090038
102,9,0,-1,2,6170,CVE,4.736000000000001,4.1028,0.197264,0.197264,0.0027359999999999997,0.0027359999999999997
103,9,0,-1,2,6170,CCVE,140.4822,27.8892,0.19661040000000002,0.1976136,0.0023864,0.0033896000000000004
104,9,0,-1,2,6170,CCALPeps,976.6353999999999,972.2701999999999,0.1966231778138567,0.19752828285716706,0.0024717171428329434,0.0033768221861433024
105,9,0,-1,2,7404,CVE,4.7874,4.2762,0.15778189920424404,0.15778189920424404,0.04221810079575597,0.04221810079575597
106,9,0,-1,2,7404,CCVE,147.3308,27.7788,0.157781899204244,0.157781899204244,0.04221810079575597,0.04221810079575597
107,9,0,-1,2,7404,CCALPeps,832.5851999999999,826.6101999999998,0.1577139933767463,0.15771399337674635,0.04228600662325366,0.0422860066232537
108,9,0,-1,2,8638,CVE,4.649,4.0892,0.08089731705999995,0.08089731705999995,0.11910268294000004,0.11910268294000004
109,9,0,-1,2,8638,CCVE,146.1904,27.4426,0.08089731705999997,0.08089731705999997,0.11910268294000001,0.11910268294000001
110,9,0,-1,2,8638,CCALPeps,939.0458000000001,934.6992,0.08089587822663653,0.08089645024558631,0.11910354975441369,0.11910412177336346
111,9,0,-1,2,9872,CVE,4.5676000000000005,4.0416,0.04173771474391203,0.04173771474391203,0.158262285256088,0.158262285256088
112,9,0,-1,2,9872,CCVE,155.2614,31.4766,0.041737714743912024,0.041737714743912024,0.15826228525608796,0.15826228525608796
113,9,0,-1,2,9872,CCALPeps,752.8331999999999,748.7678,0.04175130814310028,0.04175164207207357,0.1582483579279264,0.15824869185689971
114,9,0,-1,2,11106,CVE,5.418200000000001,4.8469999999999995,0.16855877470493466,0.16855877470493466,0.03144122529506535,0.03144122529506535
115,9,0,-1,2,11106,CCVE,142.012,23.1412,0.16855877470493466,0.16855877470493466,0.03144122529506535,0.03144122529506535
116,9,0,-1,2,11106,CCALPeps,841.0636000000001,837.2866,0.16854883142182736,0.1685488314218274,0.03145116857817261,0.03145116857817261
117,9,0,-1,2,12340,CVE,4.7404,4.1884,0.005417184170434257,0.005417184170434257,0.19458281582956574,0.19458281582956574
118,9,0,-1,2,12340,CCVE,138.0672,21.3608,0.005417184170434257,0.005417184170434257,0.19458281582956574,0.19458281582956574
119,9,0,-1,2,12340,CCALPeps,1026.0038,1021.6468000000001,0.005431176805719152,0.005436421538288521,0.1945635784617115,0.19456882319428084
120,11,0,-1,2,1234,CVE,5.9974,5.444,0.07260836676425587,0.07260836676425587,0.12739163323574412,0.12739163323574412
121,11,0,-1,2,1234,CCVE,195.3116,66.4322,0.07260836676425586,0.07260836676425586,0.12739163323574415,0.12739163323574415
122,11,0,-1,2,1234,CCALPeps,1172.469,1167.7851999999998,0.07265891929039378,0.07266432519967422,0.12733567480032576,0.1273410807096062
123,11,0,-1,2,2468,CVE,6.098799999999999,5.4824,0.080564,0.080564,0.11943600000000001,0.11943600000000001
124,11,0,-1,2,2468,CCVE,199.5036,70.58959999999999,0.080564,0.080564,0.11943600000000001,0.11943600000000001
125,11,0,-1,2,2468,CCALPeps,943.4639999999999,938.7356,0.08059114957696606,0.0805951789486388,0.11940482105136122,0.11940885042303395
126,11,0,-1,2,3702,CVE,6.0962000000000005,5.546399999999999,0.1848803147222903,0.1848803147222903,0.015119685277709705,0.015119685277709705
127,11,0,-1,2,3702,CCVE,200.9422,68.0856,0.1848803147222903,0.1848803147222903,0.015119685277709705,0.015119685277709705
128,11,0,-1,2,3702,CCALPeps,1181.3032,1176.7554,0.18483899842442683,0.1848389984244701,0.015161001575529895,0.01516100157557316
129,11,0,-1,2,4936,CVE,6.2476,5.6726,0.088,0.088,0.11200000000000002,0.11200000000000002
130,11,0,-1,2,4936,CCVE,199.2166,67.6298,0.088,0.088,0.11200000000000002,0.11200000000000002
131,11,0,-1,2,4936,CCALPeps,1046.9664,1042.529,0.08801219682051387,0.08801219682051396,0.11198780317948605,0.11198780317948613
132,11,0,-1,2,6170,CVE,6.799600000000001,6.3128,0.0648,0.0648,0.13520000000000001,0.13520000000000001
133,11,0,-1,2,6170,CCVE,193.6,62.2924,0.0648,0.0648,0.13520000000000001,0.13520000000000001
134,11,0,-1,2,6170,CCALPeps,1112.7458000000001,1108.3964,0.06480144079988956,0.06480144079988963,0.13519855920011037,0.13519855920011042
135,11,0,-1,2,7404,CVE,5.9844,5.442200000000001,0.09021557805196458,0.09021557805196458,0.10978442194803543,0.10978442194803543
136,11,0,-1,2,7404,CCVE,187.8746,60.614999999999995,0.09021557805196456,0.09021557805196456,0.10978442194803543,0.10978442194803543
137,11,0,-1,2,7404,CCALPeps,1169.4848000000002,1165.2289999999998,0.09024425677677154,0.09024425677677164,0.10975574322322837,0.10975574322322845
138,11,0,-1,2,8638,CVE,5.4332,4.949800000000001,0.12866199821284904,0.12866199821284904,0.07133800178715095,0.07133800178715095
139,11,0,-1,2,8638,CCVE,193.57440000000003,63.282799999999995,0.12866199821284904,0.12866199821284904,0.07133800178715094,0.07133800178715094
140,11,0,-1,2,8638,CCALPeps,1027.8380000000002,1023.318,0.12866840925396902,0.12866840925396908,0.07133159074603093,0.07133159074603097
141,11,0,-1,2,9872,CVE,5.730999999999999,5.2416,0.1,0.1,0.1,0.1
142,11,0,-1,2,9872,CCVE,188.9456,59.263,0.1,0.1,0.1,0.1
143,11,0,-1,2,9872,CCALPeps,1035.4186,1030.7468,0.10000839748041992,0.10000839748042001,0.09999160251957999,0.09999160251958009
144,11,0,-1,2,11106,CVE,6.0488,5.4718,0.19524,0.19524,0.004760000000000001,0.004760000000000001
145,11,0,-1,2,11106,CCVE,195.331,66.09740000000002,0.19524,0.19524,0.0047599999999999995,0.0047599999999999995
146,11,0,-1,2,11106,CCALPeps,1078.4044,1073.897,0.19521313824840023,0.1952156518083049,0.004784348191695087,0.004786861751599759
147,11,0,-1,2,12340,CVE,6.768800000000001,6.2128,0.01678,0.01678,0.18322,0.18322
148,11,0,-1,2,12340,CCVE,196.5784,68.8546,0.01678,0.01678,0.18322,0.18322
149,11,0,-1,2,12340,CCALPeps,1047.3326000000002,1042.1738,0.01680541474616832,0.016805414746168333,0.18319458525383167,0.18319458525383167
150,13,0,-1,2,1234,CVE,14.269199999999998,13.551599999999999,0.14,0.14,0.06,0.06
151,13,0,-1,2,1234,CCVE,339.30219999999997,195.474,0.14,0.14,0.06,0.06
152,13,0,-1,2,1234,CCALPeps,1661.8229999999999,1656.5858,0.1399935595403147,0.13999355954031475,0.06000644045968524,0.060006440459685305
153,13,0,-1,2,2468,CVE,14.806799999999999,11.5198,0.14978712317630608,0.14978712317630608,0.05021287682369391,0.05021287682369391
154,13,0,-1,2,2468,CCVE,332.59,189.9424,0.1497871231763061,0.1497871231763061,0.05021287682369392,0.05021287682369392
155,13,0,-1,2,2468,CCALPeps,1589.4152,1583.8528000000001,0.1497839508118296,0.14978395081182966,0.05021604918817034,0.050216049188170395
156,13,0,-1,2,3702,CVE,15.744,15.1154,0.18431533389031862,0.18431533389031862,0.015684666109681396,0.015684666109681396
157,13,0,-1,2,3702,CCVE,305.52079999999995,169.3636,0.18431533389031862,0.18431533389031862,0.015684666109681403,0.015684666109681403
158,13,0,-1,2,3702,CCALPeps,1026.3124,1021.7239999999999,0.18429698114575427,0.1842970298962407,0.01570297010375932,0.015703018854245743
159,13,0,-1,2,4936,CVE,14.6862,10.574000000000002,0.03633088,0.03633088,0.16366912000000003,0.16366912000000003
160,13,0,-1,2,4936,CCVE,315.8072,172.695,0.033301120000000003,0.03767871999999999,0.16232127999999998,0.16669888
161,13,0,-1,2,4936,CCALPeps,1474.5714,1469.3858,0.033838083909998505,0.03719335443866233,0.16280664556133767,0.16616191609000147
162,13,0,-1,2,6170,CVE,14.411600000000002,13.670000000000002,0.19468857583077318,0.19468857583077318,0.005311424169226851,0.005311424169226851
163,13,0,-1,2,6170,CCVE,331.11359999999996,191.3666,0.19468857583077318,0.19468857583077318,0.005311424169226849,0.005311424169226849
164,13,0,-1,2,6170,CCALPeps,1430.4572,1424.2887999999998,0.19466977875022917,0.19466977875022917,0.005330221249770821,0.005330221249770828
165,13,0,-1,2,7404,CVE,13.8708,13.2322,0.0689024,0.0689024,0.13109759999999998,0.13109759999999998
166,13,0,-1,2,7404,CCVE,305.8682,177.7242,0.0689024,0.0689024,0.13109760000000004,0.13109760000000004
167,13,0,-1,2,7404,CCALPeps,1722.9438000000002,1717.679,0.06892516899141393,0.06892516899141399,0.13107483100858602,0.13107483100858608
168,13,0,-1,2,8638,CVE,14.3482,10.346599999999999,0.005292437807865013,0.005292437807865013,0.19470756219213498,0.19470756219213498
169,13,0,-1,2,8638,CCVE,305.1712,173.897,0.005292437807865013,0.005292437807865013,0.19470756219213498,0.19470756219213498
170,13,0,-1,2,8638,CCALPeps,1273.8932,1268.8254,0.005315838875250183,0.005315841454971373,0.19468415854502863,0.19468416112474982
171,13,0,-1,2,9872,CVE,13.8054,13.234199999999998,0.17095307700851953,0.17095307700851953,0.029046922991480463,0.029046922991480463
172,13,0,-1,2,9872,CCVE,305.5702,175.3684,0.17095307700851953,0.17095307700851953,0.029046922991480463,0.029046922991480463
173,13,0,-1,2,9872,CCALPeps,1525.0654,1520.1696,0.17092940984243762,0.1709294102757505,0.029070589724249495,0.02907059015756235
174,13,0,-1,2,11106,CVE,14.696999999999997,14.081399999999999,0.07551279999999999,0.07551279999999999,0.12448719999999999,0.12448719999999999
175,13,0,-1,2,11106,CCVE,330.1252,195.6748,0.07551279999999999,0.07551279999999999,0.12448719999999998,0.12448719999999998
176,13,0,-1,2,11106,CCALPeps,1163.6612,1158.5954,0.07551666098510791,0.07551702068521474,0.12448297931478525,0.1244833390148921
177,13,0,-1,2,12340,CVE,16.198999999999998,15.668199999999999,0.192219,0.192219,0.007780999999999998,0.007780999999999998
178,13,0,-1,2,12340,CCVE,338.9334,210.26639999999998,0.192219,0.192219,0.007780999999999998,0.007780999999999998
179,13,0,-1,2,12340,CCALPeps,1771.1534,1766.2130000000002,0.19220072658990575,0.19220072658990575,0.007799273410094254,0.007799273410094254
180,15,0,-1,2,1234,CVE,21.4774,20.9032,0.16799999999999998,0.16799999999999998,0.03200000000000001,0.03200000000000001
181,15,0,-1,2,1234,CCVE,756.8066,601.3968,0.16799999999999998,0.16799999999999998,0.03200000000000001,0.03200000000000001
182,15,0,-1,2,1234,CCALPeps,2180.1696,2175.2006,0.167986401359864,0.16798640135986403,0.032013598640135955,0.032013598640136
183,15,0,-1,2,2468,CVE,22.2774,21.583,0.1994306,0.1994306,0.0005694000000000001,0.0005694000000000001
184,15,0,-1,2,2468,CCVE,869.0056000000001,710.6964,0.19912639999999998,0.19948675999999999,0.0005132400000000001,0.0008736000000000001
185,15,0,-1,2,2468,CCALPeps,2429.8846,2424.6421999999993,0.19908881973900874,0.1994485461463027,0.0005514538536973054,0.0009111802609912623
186,15,0,-1,2,3702,CVE,23.083000000000002,22.401599999999995,0.09426152824301398,0.09426152824301398,0.105738471756986,0.105738471756986
187,15,0,-1,2,3702,CCVE,755.0049999999999,601.592,0.094261528243014,0.094261528243014,0.10573847175698599,0.10573847175698599
188,15,0,-1,2,3702,CCALPeps,1521.3628,1516.1058,0.09427515096547104,0.09427794004169451,0.10572205995830548,0.10572484903452897
189,15,0,-1,2,4936,CVE,23.3942,22.8536,0.11902427669871521,0.11902427669871521,0.0809757233012848,0.0809757233012848
190,15,0,-1,2,4936,CCVE,718.2672,568.0626,0.11902427669871522,0.11902427669871522,0.0809757233012848,0.0809757233012848
191,15,0,-1,2,4936,CCALPeps,2062.4838,2057.3678,0.11901557874741239,0.11901558224632976,0.08098441775367024,0.08098442125258759
192,15,0,-1,2,6170,CVE,23.2352,22.651400000000002,0.04605016,0.04605016,0.15394984,0.15394984
193,15,0,-1,2,6170,CCVE,735.0483999999999,588.7575999999999,0.045458338000000015,0.04616923,0.15383076999999998,0.15454166200000002
194,15,0,-1,2,6170,CCALPeps,1584.6986000000002,1578.8808,0.04551587454541995,0.04617095806607849,0.1538290419339215,0.15448412545458007
195,15,0,-1,2,7404,CVE,22.778399999999998,22.1838,0.038119999999999994,0.038119999999999994,0.16188,0.16188
196,15,0,-1,2,7404,CCVE,820.3856,677.7106,0.03811999999999999,0.03811999999999999,0.16188000000000002,0.16188000000000002
197,15,0,-1,2,7404,CCALPeps,2043.4520000000005,2038.7788,0.03813326636382638,0.038133266363826426,0.16186673363617357,0.16186673363617363
198,15,0,-1,2,8638,CVE,22.6188,22.0158,0.18992599999999998,0.18992599999999998,0.010074,0.010074
199,15,0,-1,2,8638,CCVE,717.4051999999999,582.0476000000001,0.18992599999999998,0.18992599999999998,0.010074000000000003,0.010074000000000003
200,15,0,-1,2,8638,CCALPeps,1607.8777999999998,1602.6392,0.18988592511859906,0.1898949184202488,0.010105081579751207,0.010114074881400948
201,15,0,-1,2,9872,CVE,23.561600000000002,22.9112,0.063908224,0.063908224,0.136091776,0.136091776
202,15,0,-1,2,9872,CCVE,684.138,536.5508,0.06390822400000001,0.06390822400000001,0.136091776,0.136091776
203,15,0,-1,2,9872,CCALPeps,1713.9833999999998,1708.6381999999999,0.06393728173786342,0.06395029366638995,0.13604970633361005,0.13606271826213656
204,15,0,-1,2,11106,CVE,23.537799999999997,22.9142,0.03195245327760996,0.03195245327760996,0.16804754672239003,0.16804754672239003
205,15,0,-1,2,11106,CCVE,791.0298,645.7148,0.031952453277609955,0.031952453277609955,0.16804754672239003,0.16804754672239003
206,15,0,-1,2,11106,CCALPeps,1904.2394,1898.8398000000002,0.03197528414670535,0.031975285500633596,0.1680247144993664,0.16802471585329465
207,15,0,-1,2,12340,CVE,24.787600000000005,24.0734,0.16090603571494677,0.16090603571494677,0.03909396428505324,0.03909396428505324
208,15,0,-1,2,12340,CCVE,754.6056,602.4741999999999,0.16090603571494674,0.16090603571494674,0.039093964285053254,0.039093964285053254
209,15,0,-1,2,12340,CCALPeps,1790.1755999999998,1785.0262000000002,0.1608824162177907,0.16088241621779079,0.03911758378220923,0.03911758378220929
210,17,0,-1,2,1234,CVE,69.83279999999999,69.23100000000001,0.07647760385999999,0.07647760385999999,0.12352239614,0.12352239614
211,17,0,-1,2,1234,CCVE,2753.242,2595.9342,0.07641626412,0.07666162307999999,0.12333837692000002,0.12358373588
212,17,0,-1,2,1234,CCALPeps,3117.139,3110.6754000000005,0.07641195966842906,0.07665672691504524,0.12334327308495477,0.12358804033157093
213,17,0,-1,2,2468,CVE,68.62480000000001,68.0274,0.13505724886926224,0.13505724886926224,0.06494275113073775,0.06494275113073775
214,17,0,-1,2,2468,CCVE,3345.9996,3173.5559999999996,0.13505724886926224,0.13505724886926224,0.06494275113073775,0.06494275113073775
215,17,0,-1,2,2468,CCALPeps,2753.29,2747.5906000000004,0.1350602238447275,0.13506022384472757,0.06493977615527242,0.06493977615527251
216,17,0,-1,2,3702,CVE,71.6224,71.0664,0.07726594699388094,0.07726594699388094,0.12273405300611906,0.12273405300611906
217,17,0,-1,2,3702,CCVE,2876.0598,2710.4734,0.07726594699388094,0.07726594699388094,0.12273405300611903,0.12273405300611903
218,17,0,-1,2,3702,CCALPeps,2224.8226000000004,2219.4792,0.07727282746843664,0.07727399766561949,0.12272600233438051,0.12272717253156337
219,17,0,-1,2,4936,CVE,71.0516,70.5024,0.17057147285168553,0.17057147285168553,0.029428527148314447,0.029428527148314447
220,17,0,-1,2,4936,CCVE,2824.486,2662.2767999999996,0.17057147285168553,0.17057147285168553,0.029428527148314447,0.029428527148314447
221,17,0,-1,2,4936,CCALPeps,2905.0086,2898.3767999999995,0.17053730787444726,0.17054398606796425,0.02945601393203574,0.029462692125552737
222,17,0,-1,2,6170,CVE,69.41120000000001,68.8406,0.05,0.05,0.15,0.15
223,17,0,-1,2,6170,CCVE,2859.0150000000003,2679.0808,0.05,0.05,0.15,0.15
224,17,0,-1,2,6170,CCALPeps,2987.3902,2981.18,0.05000999900009996,0.05000999900010004,0.14999000099989995,0.14999000099990006
225,17,0,-1,2,7404,CVE,64.8688,64.29520000000001,0.07313800000000002,0.07313800000000002,0.12686199999999997,0.12686199999999997
226,17,0,-1,2,7404,CCVE,2642.2511999999997,2482.3923999999997,0.07313800000000004,0.07313800000000004,0.126862,0.126862
227,17,0,-1,2,7404,CCALPeps,1779.1745999999998,1773.6226,0.07316284623124236,0.07316284623124242,0.1268371537687576,0.12683715376875765
228,17,0,-1,2,8638,CVE,64.94739999999999,64.381,0.07189923083263733,0.07189923083263733,0.12810076916736265,0.12810076916736265
229,17,0,-1,2,8638,CCVE,2805.528,2648.1184000000003,0.07189923083263734,0.07189923083263734,0.12810076916736265,0.12810076916736265
230,17,0,-1,2,8638,CCALPeps,2797.4900000000002,2792.2097999999996,0.07191287965043505,0.0719130030566988,0.12808699694330122,0.12808712034956496
231,17,0,-1,2,9872,CVE,63.7546,63.1228,0.03409931359999999,0.03409931359999999,0.1659006864,0.1659006864
232,17,0,-1,2,9872,CCVE,2527.163,2360.3244000000004,0.0340993136,0.0340993136,0.1659006864,0.1659006864
233,17,0,-1,2,9872,CCALPeps,2494.4398,2489.0600000000004,0.03412360968238241,0.034123622088164496,0.16587637791183552,0.16587639031761758
234,17,0,-1,2,11106,CVE,64.304,63.65,0.064740912,0.064740912,0.135259088,0.135259088
235,17,0,-1,2,11106,CCVE,2745.4628,2569.722,0.064740912,0.064740912,0.13525908800000003,0.13525908800000003
236,17,0,-1,2,11106,CCALPeps,2292.2673999999997,2286.59,0.06475087657900118,0.06475087657900128,0.13524912342099873,0.13524912342099882
237,17,0,-1,2,12340,CVE,67.8354,67.28880000000001,0.12959648,0.12959648,0.07040352000000002,0.07040352000000002
238,17,0,-1,2,12340,CCVE,2880.3908,2716.5627999999997,0.12959648000000004,0.12959648000000004,0.07040351999999997,0.07040351999999997
239,17,0,-1,2,12340,CCALPeps,2853.1214,2847.9226000000003,0.12957634179097074,0.12957983470195336,0.07042016529804665,0.07042365820902925
240,19,0,-1,2,1234,CVE,236.1576,235.5308,0.11801756560000003,0.11801756560000003,0.0819824344,0.0819824344
241,19,0,-1,2,1234,CCVE,11095.5294,10888.151600000001,0.11787323679999999,0.1180656752,0.0819343248,0.08212676320000001
242,19,0,-1,2,1234,CCALPeps,3688.8911999999996,3682.4424,0.11787139077941808,0.1180731197611562,0.0819268802388438,0.08212860922058192
243,19,0,-1,2,2468,CVE,264.17379999999997,263.57579999999996,0.07130476388573426,0.07130476388573426,0.12869523611426575,0.12869523611426575
244,19,0,-1,2,2468,CCVE,12379.740200000002,12182.065999999999,0.07130476388573424,0.07130476388573424,0.12869523611426575,0.12869523611426575
245,19,0,-1,2,2468,CCALPeps,3222.5682,3217.167,0.07129473509157325,0.07129473509157333,0.12870526490842665,0.12870526490842676
246,19,0,-1,2,3702,CVE,223.52779999999998,222.94739999999996,0.13243307846199012,0.13243307846199012,0.06756692153800989,0.06756692153800989
247,19,0,-1,2,3702,CCVE,11443.276999999998,11244.988200000002,0.13243307846199012,0.13243307846199012,0.06756692153800987,0.06756692153800987
248,19,0,-1,2,3702,CCALPeps,2342.379,2336.2113999999997,0.13242130192625648,0.13242258357054515,0.06757741642945485,0.06757869807374353
249,19,0,-1,2,4936,CVE,243.95159999999996,243.35100000000003,0.19151308175527465,0.19151308175527465,0.00848691824472535,0.00848691824472535
250,19,0,-1,2,4936,CCVE,10969.1176,10782.687399999999,0.19151308175527465,0.19151308175527465,0.00848691824472535,0.00848691824472535
251,19,0,-1,2,4936,CCALPeps,3386.7934,3380.1956,0.19145581598637212,0.19146344602157622,0.008536553978423766,0.008544184013627863
252,19,0,-1,2,6170,CVE,239.17759999999998,238.54739999999998,0.14399999999999996,0.14399999999999996,0.05600000000000003,0.05600000000000003
253,19,0,-1,2,6170,CCVE,10141.5636,9949.5498,0.144,0.144,0.056000000000000015,0.056000000000000015
254,19,0,-1,2,6170,CCALPeps,3484.398,3478.3984000000005,0.143987402019722,0.14398740201972207,0.05601259798027793,0.05601259798027802
255,19,0,-1,2,7404,CVE,255.074,254.471,0.023214000000000005,0.023214000000000005,0.17678600000000003,0.17678600000000003
256,19,0,-1,2,7404,CCVE,9940.087800000001,9749.465,0.02321400000000001,0.02321400000000001,0.176786,0.176786
257,19,0,-1,2,7404,CCALPeps,2224.0058,2218.2648,0.02322710645843182,0.02322710645843185,0.17677289354156817,0.17677289354156817
258,19,0,-1,2,8638,CVE,242.2276,241.64839999999998,0.006962527103553387,0.006962527103553387,0.19303747289644663,0.19303747289644663
259,19,0,-1,2,8638,CCVE,10550.3922,10362.2638,0.0069625271035533886,0.0069625271035533886,0.19303747289644663,0.19303747289644663
260,19,0,-1,2,8638,CCALPeps,3086.7266000000004,3081.3306000000002,0.006989583815927745,0.006989645435658591,0.1930103545643414,0.19301041618407228
261,19,0,-1,2,9872,CVE,243.83759999999998,243.27460000000002,0.0965069304,0.0965069304,0.1034930696,0.1034930696
262,19,0,-1,2,9872,CCVE,10166.883,9970.4848,0.09650693039999997,0.09650693039999997,0.10349306960000001,0.10349306960000001
263,19,0,-1,2,9872,CCALPeps,2938.4585999999995,2932.668,0.09651956537827393,0.09651956921739105,0.10348043078260893,0.10348043462172607
264,19,0,-1,2,11106,CVE,237.301,236.621,0.058714264,0.058714264,0.141285736,0.141285736
265,19,0,-1,2,11106,CCVE,10269.8876,10086.1186,0.058714264000000016,0.058714264000000016,0.141285736,0.141285736
266,19,0,-1,2,11106,CCALPeps,2657.1002,2651.6252,0.05874318543721048,0.058743185437210535,0.14125681456278946,0.14125681456278955
267,19,0,-1,2,12340,CVE,224.14679999999998,223.5484,0.16,0.16,0.04,0.04
268,19,0,-1,2,12340,CCVE,10591.6444,10349.848199999999,0.15999999999999998,0.15999999999999998,0.04000000000000001,0.04000000000000001
269,19,0,-1,2,12340,CCALPeps,3566.5170000000007,3559.4270000000006,0.15997880595882014,0.15998799920047993,0.040012000799520074,0.04002119404117983
270,21,0,-1,2,1234,CVE,850.9238000000001,850.2710000000001,0.16419824344,0.16419824344,0.035801756559999995,0.035801756559999995
271,21,0,-1,2,1234,CCVE,40180.874599999996,39985.1394,0.16419343248,0.16421267631999997,0.03578732368,0.03580656751999999
272,21,0,-1,2,1234,CCALPeps,4615.972400000001,4609.6724,0.16417985077000496,0.1642000196340026,0.03579998036599739,0.03582014922999503
273,21,0,-1,2,2468,CVE,855.3173999999999,854.6851999999999,0.07484742860302161,0.07484742860302161,0.12515257139697838,0.12515257139697838
274,21,0,-1,2,2468,CCVE,42813.847200000004,42600.9476,0.07484742860302164,0.07484742860302164,0.12515257139697836,0.12515257139697836
275,21,0,-1,2,2468,CCALPeps,3566.3563999999997,3559.6592000000005,0.07484341073096865,0.07484341073096874,0.12515658926903125,0.12515658926903134
276,21,0,-1,2,3702,CVE,875.1362000000001,874.5189999999999,0.07940207773568539,0.07940207773568539,0.12059792226431461,0.12059792226431461
277,21,0,-1,2,3702,CCVE,38794.15000000001,38596.663799999995,0.07940207773568539,0.07940207773568539,0.12059792226431465,0.12059792226431465
278,21,0,-1,2,3702,CCALPeps,3117.0445999999997,3109.7623999999996,0.07941517199773092,0.07941626090200771,0.12058373909799229,0.12058482800226908
279,21,0,-1,2,4936,CVE,864.5626,863.952,0.10050840223347206,0.10050840223347206,0.09949159776652794,0.09949159776652794
280,21,0,-1,2,4936,CCVE,39122.822400000005,38912.3044,0.10050840223347209,0.10050840223347209,0.09949159776652793,0.09949159776652793
281,21,0,-1,2,4936,CCALPeps,4122.1326,4115.0016000000005,0.10048469826747856,0.10048783668543579,0.09951216331456421,0.09951530173252143
282,21,0,-1,2,6170,CVE,853.7262000000001,853.1342000000001,0.06735999999999998,0.06735999999999998,0.13264,0.13264
283,21,0,-1,2,6170,CCVE,38508.430799999995,38307.6572,0.06736,0.06736,0.13264,0.13264
284,21,0,-1,2,6170,CCALPeps,3749.2654,3743.1626000000006,0.06736413420968777,0.06736413420968788,0.1326358657903121,0.13263586579031222
285,21,0,-1,2,7404,CVE,850.6644,850.0704,0.03187478000000001,0.03187478000000001,0.16812522,0.16812522
286,21,0,-1,2,7404,CCVE,35826.16059999999,35630.243800000004,0.03187478000000001,0.03187478000000001,0.16812522,0.16812522
287,21,0,-1,2,7404,CCALPeps,2622.9356,2616.6966,0.03189849363643156,0.03189849363643159,0.1681015063635684,0.16810150636356844
288,21,0,-1,2,8638,CVE,868.0934,867.4681999999999,0.15952862807859275,0.15952862807859275,0.04047137192140726,0.04047137192140726
289,21,0,-1,2,8638,CCVE,37517.664600000004,37335.6436,0.15952862807859272,0.15952862807859272,0.04047137192140727,0.04047137192140727
290,21,0,-1,2,8638,CCALPeps,3642.2832000000003,3635.9736000000003,0.1594993147632361,0.15949935438822216,0.04050064561177784,0.04050068523676389
291,21,0,-1,2,9872,CVE,860.067,859.448,0.185510970256,0.185510970256,0.014489029744000001,0.014489029744000001
292,21,0,-1,2,9872,CCVE,35255.3166,35069.7808,0.185510970256,0.185510970256,0.014489029744000006,0.014489029744000006
293,21,0,-1,2,9872,CCALPeps,3404.2234,3396.4824,0.18549563831521151,0.18549563885258044,0.014504361147419553,0.014504361684788473
294,21,0,-1,2,11106,CVE,846.6870000000001,846.0636000000001,0.04838572079999999,0.04838572079999999,0.1516142792,0.1516142792
295,21,0,-1,2,11106,CCVE,36267.4152,36076.539600000004,0.04838572079999999,0.04838572079999999,0.1516142792,0.1516142792
296,21,0,-1,2,11106,CCALPeps,2945.6766,2939.3142,0.04838736792760718,0.04838736792760723,0.15161263207239278,0.1516126320723928
297,21,0,-1,2,12340,CVE,866.3209999999999,865.608,0.092,0.092,0.10800000000000001,0.10800000000000001
298,21,0,-1,2,12340,CCVE,36769.465599999996,36577.659400000004,0.092,0.092,0.10800000000000001,0.10800000000000001
299,21,0,-1,2,12340,CCALPeps,3850.6868000000004,3843.9462,0.09200159984001592,0.09200159984001605,0.10799840015998394,0.10799840015998408
300,23,0,-1,2,1234,CVE,3291.3479999999995,3290.6297999999997,0.2,0.2,0.0,0.0
301,23,0,-1,2,1234,CCVE,143184.894,142970.44600000003,0.2,0.2,0.0,0.0
302,23,0,-1,2,1234,CCALPeps,4033.2925999999998,4026.1373999999996,0.19997940217977,0.19997940217977,2.0597820229975817e-05,2.059782022998391e-05
303,23,0,-1,2,2468,CVE,3539.9102,3539.1328000000003,0.0347448,0.0347448,0.1652552,0.1652552
304,23,0,-1,2,2468,CCVE,142953.033,142730.83139999997,0.034744800000000006,0.034744800000000006,0.1652552,0.1652552
305,23,0,-1,2,2468,CCALPeps,3403.3628,3396.3347999999996,0.03475717961441745,0.03475717961441749,0.16524282038558252,0.16524282038558255
306,23,0,-1,2,3702,CVE,3619.4772,3618.7362000000003,0.15390064544239998,0.15390064544239998,0.04609935455760001,0.04609935455760001
307,23,0,-1,2,3702,CCVE,150291.7976,150093.13259999998,0.1539006454424,0.1539006454424,0.046099354557599996,0.046099354557599996
308,23,0,-1,2,3702,CCALPeps,3894.5434,3886.2496,0.15386328736173843,0.15386328840215197,0.046136711597848046,0.04613671263826155
309,23,0,-1,2,4936,CVE,3663.0550000000003,3662.3619999999996,0.1951714,0.1951714,0.004828600000000001,0.004828600000000001
310,23,0,-1,2,4936,CCVE,150099.9332,149901.4806,0.19517139999999997,0.19517139999999997,0.004828600000000001,0.004828600000000001
311,23,0,-1,2,4936,CCALPeps,4452.11,4443.770399999999,0.19513339073625832,0.19513341118787944,0.004866588812120565,0.004866609263741663
312,23,0,-1,2,6170,CVE,3465.8741999999997,3465.1004000000003,0.08599999999999998,0.08599999999999998,0.11400000000000002,0.11400000000000002
313,23,0,-1,2,6170,CCVE,129443.0766,129184.5834,0.08599999999999998,0.08599999999999998,0.11400000000000002,0.11400000000000002
314,23,0,-1,2,6170,CCALPeps,3917.3574,3910.8048000000003,0.08600279972002793,0.08600279972002807,0.11399720027997193,0.11399720027997207
315,23,0,-1,2,7404,CVE,3606.2392,3605.5186000000003,0.11039999999999998,0.11039999999999998,0.08960000000000001,0.08960000000000001
316,23,0,-1,2,7404,CCVE,127620.406,127408.851,0.11040000000000001,0.11040000000000001,0.08959999999999999,0.08959999999999999
317,23,0,-1,2,7404,CCALPeps,3110.9462,3104.204,0.1104017199796429,0.11040347794864269,0.08959652205135732,0.08959828002035711
318,23,0,-1,2,8638,CVE,3653.8754,3653.1438000000003,0.08027987660000001,0.08027987660000001,0.11972012339999998,0.11972012339999998
319,23,0,-1,2,8638,CCVE,138891.27739999996,138693.0376,0.08018315270000001,0.08038027545112222,0.11961972454887777,0.1198168473
320,23,0,-1,2,8638,CCALPeps,3554.3428,3547.0372,0.08031604103372632,0.0803382504892508,0.11966174951074919,0.11968395896627368
321,23,0,-1,2,9872,CVE,3440.9496,3440.1835999999994,0.19259414263277372,0.19259414263277372,0.007405857367226281,0.007405857367226281
322,23,0,-1,2,9872,CCVE,183635.2568,183426.7052,0.19259414263277372,0.19259414263277372,0.007405857367226276,0.007405857367226276
323,23,0,-1,2,9872,CCALPeps,3920.8383999999996,3913.8962,0.19257658212470932,0.19257658268962638,0.007423417310373615,0.007423417875290679
324,23,0,-1,2,11106,CVE,3567.0445999999997,3566.2848,0.14716331199999996,0.14716331199999996,0.05283668800000001,0.05283668800000001
325,23,0,-1,2,11106,CCVE,140125.12939999998,139892.32859999998,0.14716331199999996,0.14716331199999996,0.052836688,0.052836688
326,23,0,-1,2,11106,CCALPeps,3147.6331999999998,3140.6462,0.14715469888737903,0.147155822875118,0.05284417712488201,0.052845301112620945
327,23,0,-1,2,12340,CVE,3224.2946,3223.6533999999997,0.031606369999999995,0.031606369999999995,0.16839363,0.16839363
328,23,0,-1,2,12340,CCVE,149525.0354,149306.4566,0.03160637000000001,0.03160637000000001,0.16839363,0.16839363
329,23,0,-1,2,12340,CCALPeps,3569.0464,3561.3464,0.03163157353256758,0.03163157353256762,0.16836842646743239,0.1683684264674324
330,25,0,-1,2,1234,CVE,16027.403,16026.62,0.11083680000000003,0.11083680000000003,0.0891632,0.0891632
331,25,0,-1,2,1234,CCVE,inf,inf,,,,
332,25,0,-1,2,1234,CCALPeps,4777.1566,4769.6848,0.11083389069822233,0.11083389069822243,0.08916610930177757,0.08916610930177767
333,25,0,-1,2,2468,CVE,14981.5824,14980.766399999999,0.11719999999999997,0.11719999999999997,0.08280000000000001,0.08280000000000001
334,25,0,-1,2,2468,CCVE,inf,inf,,,,
335,25,0,-1,2,2468,CCALPeps,4219.084,4211.7672,0.11719641636796604,0.11719641636796614,0.08280358363203387,0.08280358363203395
336,25,0,-1,2,3702,CVE,15510.352600000002,15509.5734,0.111802688,0.111802688,0.088197312,0.088197312
337,25,0,-1,2,3702,CCVE,inf,inf,,,,
338,25,0,-1,2,3702,CCALPeps,4457.8694000000005,4450.2624000000005,0.11178596916428152,0.11179332373500092,0.08820667626499908,0.08821403083571848
339,25,0,-1,2,4936,CVE,13820.204799999998,13819.389799999999,0.112161344,0.112161344,0.087838656,0.087838656
340,25,0,-1,2,4936,CCVE,inf,inf,,,,
341,25,0,-1,2,4936,CCALPeps,4486.0982,4478.7084,0.11215535034541599,0.11215535034541615,0.08784464965458386,0.08784464965458401
342,25,0,-1,2,6170,CVE,14985.285400000002,14984.442,0.07486199999999997,0.07486199999999997,0.12513800000000003,0.12513800000000003
343,25,0,-1,2,6170,CCVE,inf,inf,,,,
344,25,0,-1,2,6170,CCALPeps,4710.5628,4703.4439999999995,0.07488150211821755,0.07488150211821769,0.1251184978817823,0.12511849788178245
345,25,0,-1,2,7404,CVE,16820.2732,16819.4484,0.072708171776,0.072708171776,0.12729182822400004,0.12729182822400004
346,25,0,-1,2,7404,CCVE,inf,inf,,,,
347,25,0,-1,2,7404,CCALPeps,4528.3242,4520.6008,0.07272907770302502,0.0727290823962746,0.1272709176037254,0.12727092229697498
348,25,0,-1,2,8638,CVE,16090.450200000001,16089.543599999999,0.17234,0.17234,0.027660000000000007,0.027660000000000007
349,25,0,-1,2,8638,CCVE,inf,inf,,,,
350,25,0,-1,2,8638,CCALPeps,4283.116200000001,4275.5152,0.17231927262416463,0.17232350334829483,0.027676496651705185,0.02768072737583538
351,25,0,-1,2,9872,CVE,14364.612799999999,14363.799800000003,0.095230757872,0.095230757872,0.10476924212799998,0.10476924212799998
352,25,0,-1,2,9872,CCVE,inf,inf,,,,
353,25,0,-1,2,9872,CCALPeps,4485.3818,4478.1554,0.09520295061317326,0.09520295061317335,0.10479704938682666,0.10479704938682674
354,25,0,-1,2,11106,CVE,13965.813999999998,13964.963200000002,0.112726412,0.112726412,0.08727358800000001,0.08727358800000001
355,25,0,-1,2,11106,CCVE,inf,inf,,,,
356,25,0,-1,2,11106,CCALPeps,4787.919,4780.3661999999995,0.11269842987705496,0.11269842987705507,0.08730157012294493,0.08730157012294504
357,25,0,-1,2,12340,CVE,14934.854200000002,14934.0492,0.028114735336272005,0.028114735336272005,0.171885264663728,0.171885264663728
358,25,0,-1,2,12340,CCVE,inf,inf,,,,
359,25,0,-1,2,12340,CCALPeps,4237.6426,4230.1968,0.02813318506209399,0.028133668189053957,0.17186633181094604,0.171866814937906
360,27,0,-1,2,1234,CVE,,,,,,
361,27,0,-1,2,1234,CCVE,,,,,,
362,27,0,-1,2,1234,CCALPeps,6242.9526000000005,6235.0266,0.12987004619106995,0.12988243847288974,0.07011756152711027,0.07012995380893006
363,27,0,-1,2,2468,CVE,,,,,,
364,27,0,-1,2,2468,CCVE,,,,,,
365,27,0,-1,2,2468,CCALPeps,5480.2532,5471.5606,0.19836225232513133,0.19836225232513136,0.0016377476748686494,0.0016377476748686542
366,27,0,-1,2,3702,CVE,,,,,,
367,27,0,-1,2,3702,CCVE,,,,,,
368,27,0,-1,2,3702,CCALPeps,4899.0014,4890.9022,0.12148890296941703,0.12148890296941714,0.07851109703058286,0.07851109703058297
369,27,0,-1,2,4936,CVE,,,,,,
370,27,0,-1,2,4936,CCVE,,,,,,
371,27,0,-1,2,4936,CCALPeps,5868.379800000001,5858.1728,0.1899471796823613,0.18995510153516268,0.010044898464837314,0.01005282031763869
372,27,0,-1,2,6170,CVE,,,,,,
373,27,0,-1,2,6170,CCVE,,,,,,
374,27,0,-1,2,6170,CCALPeps,4716.193,4707.5896,0.19627749261816596,0.19627749261816596,0.003722507381834039,0.003722507381834039
375,27,0,-1,2,7404,CVE,,,,,,
376,27,0,-1,2,7404,CCVE,,,,,,
377,27,0,-1,2,7404,CCALPeps,5219.205400000001,5210.545799999999,0.006025796020537927,0.006025796020537938,0.19397420397946205,0.19397420397946208
378,27,0,-1,2,8638,CVE,,,,,,
379,27,0,-1,2,8638,CCVE,,,,,,
380,27,0,-1,2,8638,CCALPeps,5647.6236,5639.503,0.021912859781779852,0.021912859781779905,0.17808714021822009,0.17808714021822014
381,27,0,-1,2,9872,CVE,,,,,,
382,27,0,-1,2,9872,CCVE,,,,,,
383,27,0,-1,2,9872,CCALPeps,5978.3444,5969.7894,0.021632851775765488,0.0216504986608322,0.1783495013391678,0.17836714822423452
384,27,0,-1,2,11106,CVE,,,,,,
385,27,0,-1,2,11106,CCVE,,,,,,
386,27,0,-1,2,11106,CCALPeps,5192.9528,5184.4606,0.06441721537098957,0.06441721537098966,0.13558278462901036,0.13558278462901044
387,27,0,-1,2,12340,CVE,,,,,,
388,27,0,-1,2,12340,CCVE,,,,,,
389,27,0,-1,2,12340,CCALPeps,5193.8656,5183.737999999999,0.04402239552067188,0.04402239552067195,0.15597760447932804,0.15597760447932812
390,29,0,-1,2,1234,CVE,,,,,,
391,29,0,-1,2,1234,CCVE,,,,,,
392,29,0,-1,2,1234,CCALPeps,6123.2462,6114.0934,0.1670838379660852,0.16708383796608522,0.032916162033914766,0.03291616203391481
393,29,0,-1,2,2468,CVE,,,,,,
394,29,0,-1,2,2468,CCVE,,,,,,
395,29,0,-1,2,2468,CCALPeps,6120.1212,6111.444600000001,0.09820216194138301,0.09820216194138315,0.10179783805861686,0.101797838058617
396,29,0,-1,2,3702,CVE,,,,,,
397,29,0,-1,2,3702,CCVE,,,,,,
398,29,0,-1,2,3702,CCALPeps,5044.4166000000005,5034.127399999999,0.1139755754303526,0.11397677215921789,0.08602322784078212,0.0860244245696474
399,29,0,-1,2,4936,CVE,,,,,,
400,29,0,-1,2,4936,CCVE,,,,,,
401,29,0,-1,2,4936,CCALPeps,5952.771000000001,5942.568399999999,0.18272883810535634,0.18273563070823967,0.017264369291760322,0.01727116189464366
402,29,0,-1,2,6170,CVE,,,,,,
403,29,0,-1,2,6170,CCVE,,,,,,
404,29,0,-1,2,6170,CCALPeps,4809.8956,4799.0704,0.1892995907272233,0.1892995907272233,0.010700409272776696,0.010700409272776712
405,29,0,-1,2,7404,CVE,,,,,,
406,29,0,-1,2,7404,CCVE,,,,,,
407,29,0,-1,2,7404,CCALPeps,5884.433599999999,5876.011799999999,0.07536593534884203,0.07536593534884212,0.1246340646511579,0.12463406465115798
408,29,0,-1,2,8638,CVE,,,,,,
409,29,0,-1,2,8638,CCVE,,,,,,
410,29,0,-1,2,8638,CCALPeps,6286.8054,6277.832799999999,0.1287854857223767,0.12879208002443432,0.07120791997556568,0.0712145142776233
411,29,0,-1,2,9872,CVE,,,,,,
412,29,0,-1,2,9872,CCVE,,,,,,
413,29,0,-1,2,9872,CCALPeps,6009.688,6001.119000000001,0.04592999607087252,0.04593025615334679,0.15406974384665323,0.15407000392912748
414,29,0,-1,2,11106,CVE,,,,,,
415,29,0,-1,2,11106,CCVE,,,,,,
416,29,0,-1,2,11106,CCALPeps,5462.3118,5453.0832,0.08571166678700022,0.08571316971535574,0.11428683028464426,0.11428833321299978
417,29,0,-1,2,12340,CVE,,,,,,
418,29,0,-1,2,12340,CCVE,,,,,,
419,29,0,-1,2,12340,CCALPeps,5680.372600000001,5671.0851999999995,0.06399002523328287,0.06399002523328297,0.13600997476671703,0.1360099747667171
